ID,Épica,Historia,Como,Quiero,Para,Prioridad,Sprint,Criterios de Aceptación,Estado,Review,Responsable,Observaciones
HU48,EP07,Trabajar de forma colaborativa en GitHub,Equipo de desarrollo,Gestionar el código del proyecto en un repositorio compartido,Dejar evidencia del trabajo colaborativo exigido por la rúbrica,Alta,Sprint 01,"CA1: Dado el proyecto, cuando se revisa el repositorio, entonces todos los integrantes registran commits propios. CA2: Dado un commit, cuando se revisa su mensaje, entonces describe el cambio realizado de forma comprensible. CA3: Dado el repositorio, cuando se revisa su estructura, entonces incluye un README con la descripción del proyecto y los integrantes. CA4: Dado un avance de una funcionalidad, cuando se integra, entonces se realiza mediante una rama y su correspondiente fusión a la rama principal.",Pendiente,Pendiente,Florencia Soto,Transversal. Repositorio configurado en Sprint 1.
HU76,EP01,Definir los actores del sistema,Equipo de desarrollo,Identificar y documentar los actores del sistema,Delimitar los roles que interactúan con EduSaldo,Alta,Sprint 01,"CA1: Dado el inicio del proyecto, cuando el equipo lo analiza, entonces documenta los actores Administrador, Vendedor, Apoderado y Visitante. CA2: Dado cada actor, cuando se documenta, entonces se describe su objetivo principal y sus funciones permitidas. CA3: Dado el conjunto de actores, cuando se revisa el ERS, entonces cada uno aparece con nombre, descripción y responsabilidades.",Pendiente,Pendiente,Florencia Soto,Entregable del Sprint 1.
HU77,EP01,Definir el alcance del producto,Equipo de desarrollo,Documentar el alcance del proyecto,Delimitar qué se construye en E1 y qué queda para E2/E3,Alta,Sprint 01,"CA1: Dado el inicio del proyecto, cuando el equipo lo analiza, entonces documenta los módulos incluidos en E1. CA2: Dado el alcance definido, cuando se revisa el ERS, entonces cada módulo tiene una descripción de límites y exclusiones. CA3: Dado el alcance, cuando se compara con el backlog, entonces no hay HUs fuera de los módulos declarados.",Pendiente,Pendiente,Florencia Soto,Entregable del Sprint 1.
HU78,EP01,Construir el Product Backlog priorizado,Equipo de desarrollo,Construir y priorizar el backlog,Contar con la lista ordenada de HUs que guiará los sprints,Alta,Sprint 01,"CA1: Dado el análisis del dominio, cuando el equipo lo redacta, entonces existe un backlog con todas las HUs del proyecto. CA2: Dado el backlog, cuando se prioriza, entonces cada HU tiene un valor Alta, Media o Baja justificado. CA3: Dado el backlog, cuando se revisa, entonces las HUs están agrupadas por épica con identificadores únicos.",Pendiente,Pendiente,Florencia Soto,Entregable del Sprint 1.
HU79,EP01,Redactar criterios de aceptación verificables,Equipo de desarrollo,Redactar criterios de aceptación en formato BDD,Permitir que cada criterio se traduzca en un test,Alta,Sprint 01,"CA1: Dado una HU del backlog, cuando el equipo redacta su criterio, entonces usa el formato Dado-Cuando-Entonces. CA2: Dado el criterio redactado, cuando se revisa, entonces contiene resultado observable y verificable. CA3: Dado el conjunto de criterios, cuando se auditan, entonces no hay criterios ambiguos ni juicios de valor.",Pendiente,Pendiente,Florencia Soto,Entregable del Sprint 1.
HU80,EP01,Redactar la Especificación de Requisitos,Equipo de desarrollo,Redactar la ERS inicial del proyecto,Dejar formalizado el análisis de requisitos,Alta,Sprint 01,"CA1: Dado el análisis del dominio, cuando el equipo lo documenta, entonces existe un archivo ERS con actores, alcance, requisitos funcionales y no funcionales. CA2: Dado el ERS, cuando se revisa, entonces cada requisito tiene un identificador y una descripción verificable. CA3: Dado el ERS, cuando se compara con el backlog, entonces ambos son consistentes.",Pendiente,Pendiente,Florencia Soto,Entregable del Sprint 1.
HU81,EP01,Estimar historias con Story Points,Equipo de desarrollo,Estimar el esfuerzo de cada HU en SP,Planificar la carga de trabajo por sprint,Alta,Sprint 01,"CA1: Dado el backlog priorizado, cuando el equipo estima, entonces cada HU tiene un valor en SP (1, 2, 3, 5, 8, 13). CA2: Dado el conjunto de estimaciones, cuando se revisa, entonces la suma por sprint es coherente con la capacidad del equipo. CA3: Dado un cambio de alcance, cuando se revisa, entonces la estimación se actualiza.",Pendiente,Pendiente,Florencia Soto,Entregable del Sprint 1.
HU01,EP01,Visualizar la página principal,Cliente / Apoderado,Visualizar la página principal de EduSaldo,Conocer la tienda y acceder a sus funciones principales,Alta,Sprint 02,"CA1: Dado un visitante que accede a la raíz del sitio, cuando se carga la página principal, entonces visualiza el logo, la barra de navegación y el acceso al carrito. CA2: Dado que la página principal está cargada, cuando el visitante la recorre, entonces visualiza la imagen y la información principal de la tienda. CA3: Dado que existen productos destacados, cuando se carga la página principal, entonces cada producto destacado se muestra con imagen, nombre y precio. CA4: Dado que el visitante llega al final de la página, cuando la recorre completa, entonces visualiza el footer con el nombre del establecimiento. CA5: Dado un enlace principal del sitio, cuando el visitante lo selecciona, entonces el sistema lo lleva a la vista correspondiente.",Pendiente,Pendiente,Florencia Soto,index.html. Estructura HTML en Sprint 2.
HU02,EP01,Navegar mediante la barra de navegación,Cliente / Apoderado,Navegar entre las páginas públicas usando la barra de navegación,Acceder fácilmente a la página que necesito,Alta,Sprint 02,"CA1: Dado cualquier página pública del sitio, cuando el usuario la carga, entonces la barra de navegación aparece en la misma posición y con las mismas opciones. CA2: Dado un enlace de la barra de navegación, cuando el usuario lo selecciona, entonces el sistema muestra la vista correcta. CA3: Dado el conjunto de enlaces principales, cuando se verifican uno a uno, entonces ninguno devuelve error de página no encontrada. CA4: Dado que el usuario está en una vista pública distinta de Home, cuando selecciona el logo o la opción Inicio, entonces vuelve a la página principal. CA5: Dado cualquier apoderado autenticado, cuando se carga la cabecera, entonces visualiza el nombre del establecimiento activo.",Pendiente,Pendiente,Florencia Soto,Header inyectado vía header-footer.js. Estructura en Sprint 2.
HU04,EP01,Visualizar el listado del Blog,Cliente / Apoderado,Visualizar el listado de noticias del Blog,Mantenerme informado sobre contenidos relacionados con la tienda,Media,Sprint 02,"CA1: Dado un visitante en el menú principal, cuando selecciona Blog, entonces visualiza las noticias en formato de lista. CA2: Dado que existen noticias publicadas, cuando se carga el listado, entonces cada noticia muestra imagen, título y descripción corta. CA3: Dado que existen más de diez noticias, cuando se carga el listado, entonces se muestran diez por página con controles de paginación. CA4: Dado un conjunto de noticias con distintas fechas, cuando se carga el listado, entonces aparecen ordenadas de más reciente a más antigua. CA5: Dado una noticia del listado, cuando el visitante la selecciona, entonces accede a su vista de detalle.",Pendiente,Pendiente,Florencia Soto,pages/publico/blog.html. Estructura en Sprint 2.
HU05,EP01,Consultar el detalle de una noticia,Cliente / Apoderado,Consultar el detalle de una noticia del Blog,Leer el contenido completo de un artículo publicado,Media,Sprint 02,"CA1: Dado una noticia del listado, cuando el visitante selecciona ver detalle, entonces visualiza su imagen, título y descripción extensa. CA2: Dado que el sitio debe cumplir la pauta, cuando se revisa el proyecto, entonces existen al menos dos vistas de detalle de Blog construidas. CA3: Dado un visitante en el detalle de una noticia, cuando selecciona volver, entonces regresa al listado del Blog o a la página principal.",Pendiente,Pendiente,Florencia Soto,pages/publico/blog-detalle.html. Estructura en Sprint 2.
HU09,EP01,Consultar cómo funciona EduSaldo,Visitante / Apoderado,Consultar cómo funciona la plataforma,Entender su funcionamiento antes de usar la plataforma,Baja,Sprint 02,"CA1: Dado un visitante en cualquier página pública, cuando selecciona la opción Cómo funciona del menú, entonces accede a la vista Cómo funciona. CA2: Dado que la vista Cómo funciona está cargada, cuando el visitante la lee, entonces encuentra explicado el flujo de aportes, confirmación y uso del saldo. CA3: Dado que la vista Cómo funciona está cargada, cuando el visitante la recorre, entonces al menos un bloque de contenido explica el rol del apoderado, otro el del centro general y otro el de la biblioteca. CA4: Dado que la vista Cómo funciona está cargada, cuando se compara con el resto del sitio, entonces mantiene la misma paleta, tipografía y estructura.",Pendiente,Pendiente,Florencia Soto,pages/publico/como-funciona.html. Estructura en Sprint 2.
HU10,EP02,Registrar la cuenta de un apoderado,Administrador,Crear la cuenta de un apoderado desde el panel administrativo,Habilitar el acceso de un apoderado que no quedó en la nómina inicial,Alta,Sprint 02,"CA1: Dado el formulario de alta de apoderado, cuando el administrador ingresa el RUN en cualquiera de sus formatos (con o sin puntos, con o sin guion, con o sin dígito verificador) y el RUN es válido, entonces el campo se acepta. CA2: Dado el formulario de alta de apoderado, cuando el RUN está vacío, contiene caracteres inválidos o presenta un dígito verificador incorrecto, entonces el sistema impide guardar. CA3: Dado el formulario de alta de apoderado, cuando el administrador ingresa un nombre de hasta 50 caracteres y apellidos de hasta 100, entonces los campos se aceptan. CA4: Dado el formulario de alta de apoderado, cuando el administrador ingresa un correo de hasta 100 caracteres con formato válido, entonces el campo se acepta. CA5: Dado el formulario de alta de apoderado, cuando el administrador ingresa un correo con formato inválido, entonces el sistema lo rechaza con un mensaje específico. CA6: Dado el formulario de alta de apoderado, cuando el administrador ingresa una dirección de hasta 300 caracteres, entonces el campo se acepta. CA7: Dado el formulario de alta de apoderado, cuando falta el correo, la dirección, la región o la comuna, entonces el sistema impide guardar y marca los campos pendientes. CA8: Dado el formulario de alta de apoderado, cuando se carga, entonces no existe ningún campo para definir la contraseña. CA9: Dado un formulario con datos válidos, cuando el administrador confirma el alta, entonces el sistema crea la cuenta con perfil Cliente, genera una contraseña temporal y la envía al correo registrado. CA10: Dado el apoderado creado, cuando inicia sesión por primera vez, entonces el sistema lo obliga a cambiar la contraseña y a registrar su consentimiento según HU15 y HU06.",Pendiente,Pendiente,Antonio Jara,Alta de apoderados desde pages/administrador/usuario-crear.html. Sustituye el autorregistro público.
HU11,EP02,Seleccionar la región de residencia,Administrador,Seleccionar la región de residencia del usuario,Registrar correctamente su ubicación,Alta,Sprint 02,"CA1: Dado el formulario administrativo de usuario, cuando se carga la página, entonces el selector de región se llena desde un arreglo JavaScript. CA2: Dado el selector de región, cuando el administrador elige una región, entonces el campo se acepta y se habilita el selector de comuna.",Pendiente,Pendiente,Antonio Jara,Aplica en el formulario administrativo de usuario (pages/administrador/usuarios.html).
HU12,EP02,Seleccionar la comuna dentro de la región,Administrador,Seleccionar la comuna correspondiente a la región elegida,Registrar una ubicación sin combinaciones inválidas,Alta,Sprint 02,"CA1: Dado el selector de región con una región seleccionada, cuando se carga, entonces el selector de comunas se recarga solo con las comunas de esa región. CA2: Dado que el administrador ya eligió una comuna, cuando cambia de región, entonces la comuna previamente seleccionada se limpia. CA3: Dado un formulario enviado, cuando la comuna no pertenece a la región seleccionada, entonces el sistema rechaza el envío con un mensaje específico.",Pendiente,Pendiente,Antonio Jara,Aplica en el formulario administrativo de usuario (pages/administrador/usuarios.html).
HU13,EP02,Iniciar sesión en el sistema,Cliente / Vendedor / Administrador,Iniciar sesión con correo y contraseña,Acceder a las funciones correspondientes a mi perfil,Alta,Sprint 02,"CA1: Dado el formulario de login, cuando el usuario ingresa un correo de hasta 100 caracteres con formato válido, entonces el campo se acepta. CA2: Dado el formulario de login, cuando el usuario ingresa una contraseña de entre 4 y 10 caracteres, entonces el campo se acepta. CA3: Dado un formulario de login, cuando los datos son inválidos o están incompletos, entonces el sistema muestra un mensaje específico por campo y no procesa el envío. CA4: Dado un usuario registrado, cuando ingresa credenciales válidas, entonces el sistema permite el acceso y lo dirige al área correspondiente a su perfil.",Pendiente,Pendiente,Antonio Jara,pages/acceso/login.html. Estructura en Sprint 2.
HU17,EP03,Visualizar el catálogo de productos,Apoderado,Visualizar el catálogo de productos,Conocer los artículos disponibles en la librería,Alta,Sprint 02,"CA1: Dado un apoderado autenticado, cuando ingresa al catálogo, entonces el listado se genera a partir de un arreglo JavaScript de productos. CA2: Dado un visitante sin sesión que intenta acceder al catálogo, cuando abre la URL directamente, entonces el sistema lo redirige al login. CA3: Dado que existen productos disponibles, cuando se carga el catálogo, entonces cada producto se muestra con imagen, nombre y precio. CA4: Dado un producto del catálogo, cuando el apoderado lo selecciona, entonces accede a su vista de detalle. CA5: Dado un producto del catálogo, cuando el apoderado visualiza su tarjeta, entonces existe un botón para añadirlo al carrito.",Pendiente,Pendiente,Pamela Acuña,pages/apoderado/productos.html. Estructura en Sprint 2.
HU18,EP03,Consultar el detalle de un producto,Apoderado,Consultar el detalle de un producto del catálogo,Tomar una decisión de compra con mayor información,Alta,Sprint 02,"CA1: Dado un apoderado autenticado, cuando selecciona ver detalle de un producto, entonces visualiza su imagen, nombre, descripción y precio. CA2: Dado la vista de detalle, cuando el producto admite más de una unidad, entonces el apoderado puede seleccionar la cantidad antes de agregarlo. CA3: Dado la vista de detalle, cuando el apoderado la recorre, entonces encuentra un botón para añadir al carrito y el acceso al carrito visible. CA4: Dado la vista de detalle, cuando el apoderado selecciona volver, entonces regresa al listado de productos.",Pendiente,Pendiente,Pamela Acuña,pages/apoderado/producto-detalle.html. Estructura en Sprint 2.
HU25,EP04,Enviar una consulta por el formulario de contacto,Cliente / Apoderado,Enviar un mensaje a través del formulario de contacto,"Comunicar una duda, comentario o solicitud a la librería",Alta,Sprint 02,"CA1: Dado el formulario de contacto, cuando el usuario ingresa un nombre de hasta 100 caracteres, entonces el campo se acepta. CA2: Dado el formulario de contacto, cuando el usuario ingresa un correo de hasta 100 caracteres con formato válido, entonces el campo se acepta; en caso contrario se rechaza. CA3: Dado el formulario de contacto, cuando el usuario ingresa un comentario de hasta 500 caracteres, entonces el campo se acepta. CA4: Dado un formulario con datos inválidos, cuando el usuario intenta enviarlo, entonces el sistema impide el procesamiento y muestra un mensaje específico junto a cada campo con error. CA5: Dado un formulario con datos válidos, cuando el usuario lo envía, entonces el sistema confirma que la consulta fue recibida.",Pendiente,Pendiente,Pamela Acuña,pages/publico/contacto.html. Estructura en Sprint 2.
HU26,EP05,Acceder al Home administrativo,Administrador,Acceder al Home del sistema administrativo,Gestionar productos y usuarios desde un lugar central,Alta,Sprint 02,"CA1: Dado un usuario con perfil Administrador autenticado, cuando ingresa al área administrativa, entonces visualiza la vista Home administrativa. CA2: Dado la vista Home administrativa, cuando se carga, entonces muestra un menú visible de forma permanente. CA3: Dado la vista Home administrativa, cuando se carga, entonces el área central identifica al administrador que inició sesión. CA4: Dado el menú administrativo, cuando el administrador lo utiliza, entonces puede acceder al mantenedor de productos y al de usuarios.",Pendiente,Pendiente,Antonio Jara,pages/administrador/inicio.html. Estructura en Sprint 2.
HU34,EP05,Acceder al home de librería,Vendedor,Acceder al home operativo de la librería,Gestionar reservas y ventas desde un lugar central,Alta,Sprint 02,"CA1: Dado un usuario con perfil Vendedor autenticado, cuando ingresa al área de librería, entonces visualiza la vista Home operativa. CA2: Dado la vista Home de librería, cuando se carga, entonces muestra un menú con acceso a reservas, productos, stock, nómina y ventas del día. CA3: Dado el menú de librería, cuando el vendedor lo utiliza, entonces puede navegar a cada una de las vistas operativas.",Pendiente,Pendiente,Antonio Jara,pages/libreria/inicio.html. Estructura en Sprint 2.
HU45,EP07,Estructurar las páginas con HTML semántico,Equipo de desarrollo,Construir las vistas usando etiquetas HTML semánticas,Entregar un frontend mantenible y accesible conforme a la rúbrica,Alta,Sprint 02,"CA1: Dado cualquier página del sitio, cuando se revisa su código, entonces utiliza header, nav, main, section, article, aside y footer según corresponda. CA2: Dado cualquier página, cuando se revisa su jerarquía, entonces existe un único h1 y los encabezados siguen un orden correlativo sin saltos. CA3: Dado una imagen de contenido, cuando se revisa su marcado, entonces incluye el atributo alt descriptivo. CA4: Dado un campo de formulario, cuando se revisa su marcado, entonces está asociado a una etiqueta label mediante el atributo for. CA5: Dado cualquier página, cuando se valida en el validador del W3C, entonces no presenta errores de estructura.",Pendiente,Pendiente,Florencia Soto,Transversal. Estructura semántica en Sprint 2.
HU14,EP02,Asignar un perfil a un usuario,Administrador,"Asignar el perfil Administrador, Vendedor o Cliente a una cuenta",Controlar las funciones visibles para cada tipo de usuario,Alta,Sprint 03,"CA1: Dado el formulario administrativo de usuario, cuando el administrador lo abre, entonces existe un selector de tipo de usuario con las opciones Administrador, Cliente y Vendedor. CA2: Dado un usuario con perfil Administrador, cuando inicia sesión, entonces accede a todas las funciones del sistema. CA3: Dado un usuario con perfil Vendedor, cuando inicia sesión, entonces visualiza únicamente los accesos autorizados para su rol. CA4: Dado un usuario con perfil Cliente, cuando inicia sesión, entonces accede únicamente a la tienda. CA5: Dado un usuario existente, cuando el administrador cambia su perfil y guarda, entonces el sistema asocia el nuevo perfil y ajusta sus accesos.",Pendiente,Pendiente,Antonio Jara,pages/administrador/usuarios.html. Vista completa en Sprint 3.
HU15,EP02,Cambiar la contraseña temporal,Usuario registrado,Reemplazar la contraseña temporal por una definida por mí,Acceder con una clave que solo yo conozco,Alta,Sprint 03,"CA1: Dado un usuario creado por un administrador, cuando inicia sesión por primera vez con la contraseña temporal, entonces el sistema lo redirige de forma obligatoria a la pantalla de cambio. CA2: Dado un usuario con contraseña temporal vigente, cuando intenta acceder a cualquier otra vista, entonces el sistema lo devuelve a la pantalla de cambio. CA3: Dado el formulario de cambio, cuando el usuario ingresa una nueva contraseña de entre 4 y 10 caracteres, entonces el campo se acepta. CA4: Dado el formulario de cambio, cuando la confirmación no coincide con la nueva contraseña, entonces el sistema impide guardar y muestra un mensaje específico. CA5: Dado el formulario de cambio, cuando la nueva contraseña es igual a la temporal, entonces el sistema la rechaza y explica el motivo. CA6: Dado un cambio confirmado, cuando el usuario vuelve a iniciar sesión, entonces solo la nueva contraseña le permite el acceso y la temporal queda invalidada. CA7: Dado un usuario que ya cambió su contraseña, cuando inicia sesión, entonces accede directamente sin pasar por esta pantalla.",Pendiente,Pendiente,Antonio Jara,pages/acceso/cambiar-contrasena.html. Vista en Sprint 3.
HU16,EP02,Cerrar sesión,Usuario autenticado,Cerrar sesión,Terminar mi actividad de forma segura,Alta,Sprint 03,"CA1: Dado un usuario autenticado en cualquier vista, cuando se carga la cabecera, entonces visualiza un botón de cerrar sesión. CA2: Dado un usuario que selecciona cerrar sesión, cuando el sistema procesa la acción, entonces invalida el token y lo redirige al login. CA3: Dado un usuario que cerró sesión, cuando intenta volver con el botón atrás del navegador, entonces el sistema lo redirige al login. CA4: Dado un usuario que cierra el navegador sin cerrar sesión, cuando transcurre el tiempo de inactividad configurado, entonces la sesión expira automáticamente.",Pendiente,Pendiente,Antonio Jara,Botón en el header inyectado. Vista en Sprint 3.
HU27,EP05,Visualizar el listado de productos,Administrador / Vendedor,Visualizar el listado administrativo de productos,Revisar el catálogo y acceder a sus acciones de gestión,Alta,Sprint 03,"CA1: Dado que existen productos registrados, cuando el administrador ingresa al mantenedor, entonces visualiza el listado en una tabla legible. CA2: Dado un registro del listado, cuando el administrador lo revisa, entonces dispone de las acciones de ver detalle y editar. CA3: Dado el listado de productos, cuando el administrador lo visualiza, entonces existe un acceso para crear un nuevo producto. CA4: Dado un usuario con perfil Vendedor, cuando accede al listado, entonces puede visualizar pero no acceder a las acciones de creación ni edición.",Pendiente,Pendiente,Antonio Jara,Vista compartida por rol: pages/administrador/productos.html y pages/libreria/productos.html. Vista en Sprint 3.
HU28,EP05,Crear un producto,Administrador,Crear productos en el catálogo,Incorporar nuevos artículos con sus datos de venta e inventario,Alta,Sprint 03,"CA1: Dado el formulario de producto, cuando el administrador ingresa un código de texto de al menos 3 caracteres, entonces el campo se acepta. CA2: Dado el formulario de producto, cuando ingresa un nombre de hasta 100 caracteres, entonces el campo se acepta. CA3: Dado el formulario de producto, cuando ingresa una descripción de hasta 500 caracteres o la deja vacía, entonces el campo se acepta. CA4: Dado el formulario de producto, cuando ingresa un precio mayor o igual a cero, admitiendo decimales, entonces el campo se acepta. CA5: Dado el formulario de producto, cuando ingresa un stock entero mayor o igual a cero, entonces el campo se acepta. CA6: Dado el formulario de producto, cuando ingresa un stock crítico entero mayor o igual a cero o lo deja vacío, entonces el campo se acepta. CA7: Dado el formulario de producto, cuando no selecciona una categoría, entonces el sistema impide guardar y muestra un mensaje específico. CA8: Dado un formulario con todos los datos válidos, cuando el administrador guarda, entonces el producto queda disponible en el listado. CA9: Dado un formulario con datos inválidos, cuando el administrador intenta guardar, entonces el sistema muestra un mensaje personalizado junto a cada campo con error.",Pendiente,Pendiente,Antonio Jara,Modal o página de creación accesible desde pages/administrador/productos.html. Vista en Sprint 3.
HU29,EP05,Editar un producto,Administrador,Editar los productos existentes del catálogo,Mantener actualizados sus datos de venta e inventario,Alta,Sprint 03,"CA1: Dado un registro del listado de productos, cuando el administrador selecciona Editar, entonces se abre el formulario cargado con los datos actuales del producto. CA2: Dado el formulario de edición, cuando se carga, entonces el código se muestra en modo solo lectura y no puede modificarse. CA3: Dado el formulario de edición, cuando el administrador modifica nombre, descripción, precio, stock, stock crítico, categoría o imagen, entonces se aplican las mismas validaciones definidas en HU28. CA4: Dado un formulario de edición con datos inválidos, cuando el administrador intenta guardar, entonces el sistema impide el guardado y muestra un mensaje personalizado junto al campo con error. CA5: Dado un formulario de edición con datos válidos, cuando el administrador guarda, entonces el sistema confirma la operación y el listado refleja la información actualizada. CA6: Dado un formulario de edición con cambios sin guardar, cuando el administrador selecciona cancelar, entonces vuelve al listado y el producto conserva sus datos originales.",Pendiente,Pendiente,Antonio Jara,pages/administrador/producto-editar.html. Vista en Sprint 3.
HU30,EP05,Consultar el detalle administrativo de un producto,Administrador / Vendedor,Visualizar el detalle de un producto sin modificarlo,Consultar su información completa antes de decidir una acción,Media,Sprint 03,"CA1: Dado un producto registrado, cuando el usuario selecciona ver detalle, entonces visualiza código, nombre, descripción, precio, stock, stock crítico, categoría e imagen cuando exista. CA2: Dado la vista de detalle, cuando se carga, entonces no presenta campos editables ni botón de guardar. CA3: Dado un usuario con perfil Vendedor, cuando accede al detalle, entonces puede visualizarlo completo. CA4: Dado la vista de detalle, cuando el usuario selecciona volver, entonces regresa al listado de productos.",Pendiente,Pendiente,Antonio Jara,Modal de detalle dentro del listado. Vista en Sprint 3.
HU31,EP05,Consultar el stock de un producto,Administrador,Consultar el stock disponible de un producto,Conocer las unidades disponibles antes de reponer,Media,Sprint 03,"CA1: Dado un producto registrado, cuando el administrador consulta su información, entonces el sistema muestra el stock disponible actualizado. CA2: Dado un producto cuyo stock cambió por una venta o un ingreso, cuando el administrador lo consulta, entonces el valor mostrado refleja el último movimiento registrado. CA3: Dado un producto, cuando se intenta registrar un stock negativo, entonces el sistema rechaza la operación.",Pendiente,Pendiente,Antonio Jara,pages/libreria/stock.html. Vista en Sprint 3.
HU32,EP05,Definir el stock crítico de un producto,Administrador,Definir el umbral de stock crítico de un producto,Identificar cuándo se requiere reposición,Media,Sprint 03,"CA1: Dado un producto existente, cuando el administrador registra un stock crítico entero mayor o igual a cero, entonces el sistema conserva ese límite. CA2: Dado un producto con stock crítico definido, cuando su stock disponible es igual o inferior al umbral, entonces el sistema lo marca visualmente en el listado. CA3: Dado un producto sin stock crítico definido, cuando se consulta el listado, entonces no se aplica ninguna marca de reposición.",Pendiente,Pendiente,Antonio Jara,Campo en el formulario de producto. Vista en Sprint 3.
HU33,EP05,Dar de baja un producto,Administrador,Dar de baja un producto del catálogo,Retirar de la venta artículos descontinuados sin perder su historial,Baja,Sprint 03,"CA1: Dado un producto del listado, cuando el administrador selecciona darlo de baja y confirma, entonces el producto deja de aparecer en el catálogo público. CA2: Dado un producto dado de baja, cuando se consultan las compras históricas, entonces sus registros anteriores siguen visibles. CA3: Dado un producto dado de baja, cuando el administrador lo reactiva, entonces vuelve a estar disponible en el catálogo.",Pendiente,Pendiente,Antonio Jara,Acción dentro del listado de productos. Vista en Sprint 3.
HU35,EP05,Preparar reservas para entrega,Vendedor,Preparar las reservas pendientes para su retiro,Avisar al apoderado que puede pasar por los productos,Alta,Sprint 03,"CA1: Dado una reserva en estado Pendiente, cuando el vendedor la abre, entonces visualiza el detalle de los productos reservados y los datos del apoderado. CA2: Dado una reserva con productos disponibles, cuando el vendedor la marca como preparada, entonces la reserva pasa a estado Lista para retiro. CA3: Dado una reserva en estado Lista para retiro, cuando el vendedor la consulta, entonces visualiza la fecha de preparación y el responsable. CA4: Dado un listado de reservas pendientes, cuando se carga, entonces aparecen ordenadas por fecha de creación ascendente.",Pendiente,Pendiente,Antonio Jara,pages/libreria/preparar-reservas.html. Vista en Sprint 3.
HU36,EP05,Entregar reservas al apoderado,Vendedor,Registrar la entrega presencial de una reserva,Cerrar el ciclo y confirmar el retiro de los productos,Alta,Sprint 03,"CA1: Dado una reserva en estado Lista para retiro, cuando el vendedor la abre, entonces visualiza los productos, el apoderado y el código de reserva. CA2: Dado una entrega presencial, cuando el vendedor confirma el retiro y valida el código, entonces la reserva pasa a estado Entregada. CA3: Dado una reserva entregada, cuando se consulta el stock, entonces el descuento ya aplicado no se modifica. CA4: Dado una reserva no retirada dentro del plazo, cuando transcurre la fecha límite, entonces el sistema la marca como Cancelada y devuelve el stock disponible en una operación transaccional.",Pendiente,Pendiente,Antonio Jara,pages/libreria/entregar-reservas.html. Vista en Sprint 3.
HU37,EP05,Consultar las ventas del día,Vendedor,Consultar el resumen de ventas del día,Cuadrar la caja al cierre de la jornada,Media,Sprint 03,"CA1: Dado un vendedor autenticado, cuando accede a la vista de ventas del día, entonces visualiza el listado de transacciones del día en curso. CA2: Dado el listado de ventas, cuando se muestra, entonces cada línea indica hora, estudiante, monto y responsable. CA3: Dado el listado de ventas del día, cuando se carga, entonces el sistema calcula el total acumulado. CA4: Dado un día sin ventas, cuando se accede a la vista, entonces el sistema informa el estado vacío.",Pendiente,Pendiente,Antonio Jara,pages/libreria/ventas-dia.html. Vista en Sprint 3.
HU38,EP06,Visualizar el listado de usuarios,Administrador,Visualizar el listado de usuarios registrados,Administrar las cuentas existentes,Alta,Sprint 03,"CA1: Dado que existen usuarios registrados, cuando el administrador ingresa al mantenedor, entonces visualiza el listado en una tabla legible. CA2: Dado un registro del listado, cuando el administrador lo revisa, entonces dispone de las acciones de ver detalle y editar. CA3: Dado el listado de usuarios, cuando se carga, entonces existe un acceso para crear un nuevo usuario.",Pendiente,Pendiente,Antonio Jara,pages/administrador/usuarios.html. Vista en Sprint 3.
HU39,EP06,Crear un usuario de staff,Administrador,Crear cuentas de Administrador o Vendedor desde el panel administrativo,Incorporar al personal con su perfil correspondiente,Alta,Sprint 03,"CA1: Dado el formulario de usuario, cuando el administrador ingresa el RUN en cualquiera de sus formatos (con o sin puntos, con o sin guion, con o sin dígito verificador) y el RUN es válido, entonces el campo se acepta. CA2: Dado el formulario de usuario, cuando ingresa un nombre de hasta 50 caracteres y apellidos de hasta 100, entonces los campos se aceptan. CA3: Dado el formulario de usuario, cuando ingresa un correo de hasta 100 caracteres con formato válido, entonces el campo se acepta. CA4: Dado el formulario de usuario, cuando ingresa una fecha de nacimiento o la deja vacía, entonces el campo se acepta por ser opcional. CA5: Dado el formulario de usuario, cuando ingresa una dirección de hasta 300 caracteres, entonces el campo se acepta. CA6: Dado el formulario de usuario, cuando no selecciona un tipo de usuario entre Administrador y Vendedor, entonces el sistema impide guardar y muestra un mensaje específico. CA7: Dado el formulario de usuario, cuando se carga, entonces no existe ningún campo para que el administrador defina la contraseña. CA8: Dado un formulario con datos válidos, cuando el administrador confirma el registro, entonces el sistema genera automáticamente una contraseña temporal y el usuario queda disponible en el listado. CA9: Dado una contraseña temporal generada, cuando se crea el usuario, entonces el sistema la muestra al administrador una sola vez y la envía al correo registrado. CA10: Dado un usuario creado, cuando inicia sesión con la contraseña temporal, entonces el sistema lo obliga a cambiarla según HU15. CA11: Dado un formulario con datos inválidos, cuando intenta guardar, entonces el sistema muestra un mensaje personalizado junto a cada campo con error.",Pendiente,Pendiente,Antonio Jara,Alta de cuentas de staff en pages/administrador/usuario-crear.html. La creación de apoderados (Cliente) corresponde a HU10.
HU40,EP06,Editar un usuario,Administrador,Editar los usuarios existentes,Mantener actualizados sus datos personales y su perfil de acceso,Alta,Sprint 03,"CA1: Dado un registro del listado de usuarios, cuando el administrador selecciona Editar, entonces se abre el formulario cargado con los datos actuales. CA2: Dado el formulario de edición, cuando se carga, entonces el RUN se muestra en modo solo lectura. CA3: Dado el formulario de edición, cuando el administrador modifica nombre, apellidos, correo, fecha de nacimiento, tipo de usuario, región, comuna o dirección, entonces se aplican las validaciones definidas en HU39. CA4: Dado el formulario de edición, cuando se carga, entonces no se muestra ni se solicita la contraseña del usuario. CA5: Dado un usuario que olvidó su clave, cuando el administrador selecciona restablecerla, entonces el sistema genera una nueva contraseña temporal y obliga al usuario a cambiarla en su próximo ingreso. CA6: Dado un administrador editando su propia cuenta, cuando intenta cambiar su perfil a uno distinto de Administrador, entonces el sistema impide la operación y explica el motivo. CA7: Dado un formulario de edición con datos válidos, cuando guarda, entonces el sistema confirma y el listado refleja la información actualizada. CA8: Dado un formulario de edición con cambios sin guardar, cuando el administrador cancela, entonces vuelve al listado y el usuario conserva sus datos originales.",Pendiente,Pendiente,Antonio Jara,Modal de edición dentro del listado de usuarios. Vista en Sprint 3.
HU41,EP06,Consultar el detalle de un usuario,Administrador,Visualizar el detalle de un usuario sin modificarlo,Consultar la información registrada antes de decidir si debo editarla,Media,Sprint 03,"CA1: Dado un usuario registrado, cuando el administrador selecciona ver detalle, entonces visualiza RUN, nombre, apellidos, correo, fecha de nacimiento cuando exista, tipo de usuario, región, comuna y dirección. CA2: Dado la vista de detalle, cuando se carga, entonces no presenta campos editables ni botón de guardar. CA3: Dado la vista de detalle, cuando el administrador selecciona volver, entonces regresa al listado de usuarios.",Pendiente,Pendiente,Antonio Jara,Modal de detalle dentro del listado de usuarios. Vista en Sprint 3.
HU42,EP06,Dar de baja un usuario,Administrador,Dar de baja una cuenta de usuario,Impedir el acceso de cuentas inactivas sin perder su historial,Baja,Sprint 03,"CA1: Dado un usuario del listado, cuando el administrador lo da de baja y confirma, entonces la cuenta queda inactiva y no puede iniciar sesión. CA2: Dado un usuario dado de baja, cuando se consultan registros históricos asociados, entonces su información sigue disponible para consulta. CA3: Dado un administrador, cuando intenta darse de baja a sí mismo, entonces el sistema impide la operación.",Pendiente,Pendiente,Antonio Jara,Acción dentro del listado de usuarios. Vista en Sprint 3.
HU43,EP06,Importar nómina de estudiantes,Administrador,Importar la nómina del colegio desde un archivo,Evitar la carga manual repetitiva de estudiantes,Media,Sprint 03,"CA1: Dado el formulario de importación, cuando el administrador adjunta un archivo CSV o XLSX con la nómina, entonces el sistema valida el formato y muestra una previsualización. CA2: Dado un archivo con filas válidas, cuando el administrador confirma la importación, entonces el sistema registra los estudiantes y sus asociaciones con apoderados en una única operación transaccional. CA3: Dado un archivo con filas inválidas, cuando el sistema procesa la importación, entonces rechaza la totalidad del archivo e indica las filas con error. CA4: Dado una importación exitosa, cuando se consulta el listado de estudiantes, entonces los registros importados aparecen disponibles.",Pendiente,Pendiente,Antonio Jara,pages/libreria/nomina-import.html. Vista en Sprint 3.
HU46,EP07,Aplicar estilos mediante CSS externo,Equipo de desarrollo,Centralizar los estilos en hojas CSS externas,Mantener una apariencia consistente y fácil de modificar,Alta,Sprint 03,"CA1: Dado cualquier página del sitio, cuando se revisa su código, entonces no contiene estilos en línea salvo en plantillas de correo. CA2: Dado el proyecto, cuando se revisa la carpeta de estilos, entonces existe una hoja base compartida por todas las páginas. CA3: Dado un cambio en la hoja base, cuando se recarga el sitio, entonces el cambio se refleja en todas las vistas que la usan. CA4: Dado cualquier página, cuando se revisa su encabezado, entonces vincula las hojas de estilo mediante la etiqueta link.",Pendiente,Pendiente,Florencia Soto,Transversal. Sistema ce-* en assets/css/. Aplicado en Sprint 3.
HU47,EP07,Adaptar el sitio a distintos tamaños de pantalla,Equipo de desarrollo,Aplicar un diseño responsivo en todas las vistas,"Que el sitio se use correctamente en celular, tablet y escritorio",Alta,Sprint 03,"CA1: Dado cualquier página del sitio, cuando se visualiza en un ancho de 375 píxeles, entonces el contenido se lee sin desplazamiento horizontal. CA2: Dado cualquier página, cuando se visualiza en tablet y escritorio, entonces el diseño se reorganiza sin superposiciones ni texto cortado. CA3: Dado la barra de navegación, cuando se visualiza en pantalla angosta, entonces se adapta a un formato utilizable en celular. CA4: Dado una tabla o grilla de datos, cuando se visualiza en celular, entonces se adapta o permite desplazamiento controlado sin romper la página.",Pendiente,Pendiente,Florencia Soto,Transversal. Media queries en assets/css/style.css. Aplicado en Sprint 3.
HU49,EP08,Registrar un estudiante,Administrador,Registrar estudiantes en el sistema,Identificar a quienes utilizarán saldo en la librería,Media,Sprint 03,"CA1: Dado un estudiante no registrado, cuando el administrador ingresa nombre, apellido y curso y confirma, entonces el estudiante queda registrado con un identificador único. CA2: Dado el formulario de estudiante, cuando falta nombre, apellido o curso, entonces el sistema impide el registro. CA3: Dado un identificador ya existente, cuando el administrador intenta registrarlo de nuevo, entonces el sistema rechaza la operación. CA4: Dado un estudiante registrado, cuando se consultan los apoderados, entonces queda disponible para asociarse.",Pendiente,Pendiente,Florencia Soto,pages/administrador/estudiantes.html. Vista en Sprint 3.
HU50,EP08,Asociar un estudiante a un apoderado,Administrador,Asociar uno o más estudiantes a un apoderado,Relacionar correctamente al responsable de sus fondos,Media,Sprint 03,"CA1: Dado un estudiante y un apoderado registrados, cuando el administrador crea la asociación, entonces el estudiante queda vinculado a ese apoderado. CA2: Dado un apoderado, cuando se le asocian estudiantes, entonces puede tener uno o más vinculados. CA3: Dado una asociación ya existente, cuando el administrador intenta crearla de nuevo, entonces el sistema la rechaza por duplicada. CA4: Dado un registro inexistente, cuando se intenta asociar, entonces el sistema impide la operación.",Pendiente,Pendiente,Florencia Soto,pages/administrador/estudiantes.html. Vista en Sprint 3.
HU51,EP08,Consultar el saldo de un estudiante,Vendedor,Consultar el saldo disponible de un estudiante,Verificar que dispone de fondos antes de registrar una compra,Media,Sprint 03,"CA1: Dado un estudiante registrado, cuando el vendedor lo busca por nombre o identificador, entonces el sistema lo localiza. CA2: Dado un estudiante localizado, cuando se consulta, entonces el sistema muestra su saldo disponible actualizado. CA3: Dado un estudiante que no existe, cuando el vendedor lo busca, entonces el sistema informa claramente que no fue encontrado. CA4: Dado un estudiante con cargas y compras registradas, cuando se muestra su saldo, entonces este coincide con la suma de sus movimientos.",Pendiente,Pendiente,Florencia Soto,pages/libreria/consulta-saldo.html. Vista en Sprint 3.
HU52,EP08,Registrar una compra con saldo,Vendedor,Registrar una compra descontando el saldo del estudiante,Dejar trazabilidad de la operación y actualizar el saldo,Alta,Sprint 03,"CA1: Dado un estudiante identificado y productos seleccionados, cuando el vendedor arma la compra, entonces el total se calcula automáticamente. CA2: Dado una compra con saldo suficiente, cuando el vendedor la confirma, entonces el sistema descuenta el total del saldo del estudiante. CA3: Dado una compra confirmada, cuando se registra, entonces el stock de cada producto disminuye según la cantidad vendida. CA4: Dado una compra confirmada, cuando se consulta el historial del estudiante, entonces la operación aparece con fecha, detalle y monto.",Pendiente,Pendiente,Florencia Soto,pages/libreria/registrar-compra.html. Vista en Sprint 3.
HU53,EP08,Rechazar una compra por saldo insuficiente,Vendedor,Impedir una compra cuando el saldo no alcanza,Evitar que el estudiante exceda los fondos disponibles,Alta,Sprint 03,"CA1: Dado un estudiante cuyo saldo es menor al total de la compra, cuando el vendedor intenta confirmarla, entonces el sistema impide la operación. CA2: Dado una compra rechazada por saldo, cuando se muestra el mensaje, entonces indica el total, el saldo disponible y la diferencia faltante. CA3: Dado una compra rechazada, cuando se revisa el estado del sistema, entonces ni el saldo ni el stock fueron modificados.",Pendiente,Pendiente,Florencia Soto,pages/libreria/registrar-compra.html. Vista en Sprint 3.
HU54,EP08,Recibir alerta de stock crítico,Administrador,Recibir un aviso cuando un producto llega a su stock crítico,Anticipar la reposición antes de quedar sin unidades,Media,Sprint 03,"CA1: Dado un producto con stock crítico definido, cuando su stock disponible baja hasta el umbral o por debajo, entonces el sistema genera un aviso para el administrador. CA2: Dado un aviso generado, cuando el administrador ingresa al panel, entonces visualiza el listado de productos por reponer ordenado por urgencia. CA3: Dado un producto repuesto por sobre su umbral, cuando se actualiza el stock, entonces el aviso deja de mostrarse. CA4: Dado un producto, cuando una operación intentaría dejar su stock por debajo de cero, entonces el sistema rechaza la operación.",Pendiente,Pendiente,Florencia Soto,Vista en pages/administrador/inicio.html. Vista en Sprint 3.
HU06,EP01,Consentir el tratamiento de datos personales,Apoderado,Otorgar mi consentimiento explícito para el tratamiento de mis datos y los de mis pupilos,Cumplir con la Ley 21.719 de Protección de Datos Personales,Alta,Sprint 04,"CA1: Dado el primer inicio de sesión de un apoderado con contraseña temporal, cuando el sistema muestra la pantalla de cambio de contraseña, entonces presenta un checkbox obligatorio que describe la finalidad del tratamiento de datos. CA2: Dado que el apoderado marca el checkbox, cuando confirma el cambio de contraseña, entonces el sistema registra el consentimiento con fecha y versión del aviso de privacidad y habilita el acceso a la información de sus pupilos. CA3: Dado un apoderado que no marca el checkbox, cuando intenta continuar, entonces el sistema impide el acceso hasta que otorgue el consentimiento. CA4: Dado un apoderado registrado, cuando accede a su perfil, entonces puede revocar el consentimiento. CA5: Dado un apoderado que revoca el consentimiento, cuando el sistema procesa la revocación, entonces anonimiza sus datos personales y los de sus pupilos en un plazo no mayor a 30 días.",Pendiente,Pendiente,Florencia Soto,Checkbox obligatorio en el primer ingreso (pages/acceso/cambiar-contrasena.html) antes de acceder a datos de pupilos. Revocación en pages/apoderado/perfil.html.
HU07,EP01,Solicitar acceso a mis datos personales,Apoderado,Solicitar el acceso a mis datos personales registrados,Ejercer mi derecho de acceso como titular de datos,Media,Sprint 04,"CA1: Dado un apoderado autenticado, cuando accede a su perfil, entonces encuentra la opción de solicitar acceso a sus datos personales. CA2: Dado un apoderado que solicita acceso, cuando el sistema procesa la solicitud, entonces genera un archivo descargable con todos sus datos personales en formato legible.",Pendiente,Pendiente,Florencia Soto,pages/apoderado/perfil.html.
HU08,EP01,Solicitar rectificación de mis datos personales,Apoderado,Solicitar la rectificación de mis datos personales incorrectos,Mantener actualizada mi información,Media,Sprint 04,"CA1: Dado un apoderado autenticado que detecta datos incorrectos, cuando solicita su rectificación, entonces el sistema registra la solicitud y notifica al administrador. CA2: Dado un administrador que recibe una solicitud de rectificación, cuando la aprueba, entonces el sistema actualiza los datos y notifica al apoderado. CA3: Dado un administrador que rechaza una solicitud de rectificación, cuando ingresa un motivo obligatorio, entonces el sistema notifica al apoderado con el motivo.",Pendiente,Pendiente,Florencia Soto,pages/apoderado/perfil.html.
HU23,EP03,Reservar materiales del catálogo,Apoderado,Reservar productos del catálogo,Asegurar disponibilidad antes de retirarlos,Alta,Sprint 04,"CA1: Dado un producto con stock disponible, cuando el apoderado selecciona reservar, entonces el sistema registra la reserva en estado Pendiente y descuenta la unidad del stock disponible. CA2: Dado un apoderado autenticado, cuando confirma la reserva, entonces el sistema asocia la reserva a su cuenta y muestra un código de reserva. CA3: Dado un producto sin stock disponible, cuando el apoderado intenta reservar, entonces el botón de reserva aparece deshabilitado y no permite la operación. CA4: Dado un carrito con múltiples productos, cuando el apoderado confirma la reserva, entonces el sistema registra una reserva por cada producto en una única operación transaccional.",Pendiente,Pendiente,Pamela Acuña,pages/apoderado/reservar-materiales.html. Comportamiento JS en Sprint 4.
HU24,EP03,Consultar mis reservas,Apoderado,Consultar el estado de mis reservas,Saber cuándo están listas para retiro,Alta,Sprint 04,"CA1: Dado un apoderado con reservas registradas, cuando accede a la vista de reservas, entonces visualiza el listado con código, producto, fecha y estado. CA2: Dado una reserva del listado, cuando se muestra, entonces indica si está Pendiente, Lista para retiro, Entregada o Cancelada. CA3: Dado un apoderado sin reservas, cuando accede a la vista, entonces el sistema informa el estado vacío y ofrece volver al catálogo. CA4: Dado una reserva en estado Lista para retiro, cuando el apoderado la consulta, entonces visualiza la fecha límite de retiro y las instrucciones del centro.",Pendiente,Pendiente,Pamela Acuña,pages/apoderado/mis-reservas.html. Comportamiento JS en Sprint 4.
HU44,EP07,Recibir mensajes de error personalizados,Todos,Recibir mensajes claros cuando ingreso datos incorrectos,Corregir los datos antes de enviar un formulario,Alta,Sprint 04,"CA1: Dado cualquier formulario del sistema, cuando el usuario envía datos inválidos, entonces la validación se ejecuta en JavaScript antes del procesamiento. CA2: Dado un formulario con datos inválidos, cuando el usuario intenta enviarlo, entonces el sistema impide el envío. CA3: Dado un campo con error, cuando se muestra el mensaje, entonces este indica el campo afectado y qué debe corregirse. CA4: Dado los formularios de Login, Contacto, Registro, Producto y Usuario, cuando se revisan, entonces todos aplican esta validación.",Pendiente,Pendiente,Florencia Soto,Transversal. Indicador IE1.2.1 de la rúbrica. Comportamiento JS en Sprint 4.
HU55,EP09,Buscar productos por texto,Apoderado,Buscar un producto escribiendo su nombre o código,Encontrarlo sin recorrer todo el catálogo,Alta,Sprint 04,"CA1: Dado el catálogo cargado, cuando el usuario lo visualiza, entonces existe un campo de búsqueda visible. CA2: Dado un término de búsqueda, cuando el usuario lo ingresa, entonces el sistema busca coincidencias en nombre, código y descripción. CA3: Dado un término escrito con mayúsculas, minúsculas o sin tildes, cuando se ejecuta la búsqueda, entonces los resultados son los mismos. CA4: Dado un término de búsqueda, cuando el usuario termina de escribir o presiona Enter, entonces el listado se actualiza con los resultados. CA5: Dado una búsqueda activa, cuando el usuario selecciona limpiar, entonces el campo se vacía y se muestra el catálogo completo. CA6: Dado un visitante sin sesión, cuando intenta acceder al catálogo, entonces el sistema lo redirige al login.",Pendiente,Pendiente,Pamela Acuña,pages/apoderado/productos.html y pages/apoderado/reservar-materiales.html. Lógica en assets/js/filtros.js. Sprint 4.
HU56,EP09,Filtrar por rango de precio,Apoderado,Filtrar el catálogo por un rango de precio,Ver solo lo que alcanza el saldo disponible,Alta,Sprint 04,"CA1: Dado el catálogo cargado, cuando el usuario abre los filtros, entonces existe un control de precio mínimo y máximo. CA2: Dado el catálogo cargado, cuando se cargan los filtros, entonces los valores por defecto corresponden al producto más barato y al más caro. CA3: Dado el control de precio, cuando el usuario fija un mínimo mayor que el máximo, entonces el sistema impide aplicar el filtro y muestra un mensaje. CA4: Dado un rango válido, cuando el usuario lo aplica, entonces el listado muestra solo los productos dentro de ese rango. CA5: Dado un visitante sin sesión, cuando intenta acceder al catálogo, entonces el sistema lo redirige al login.",Pendiente,Pendiente,Pamela Acuña,pages/apoderado/productos.html y pages/apoderado/reservar-materiales.html. Sprint 4.
HU57,EP09,Filtrar por año escolar,Apoderado,Filtrar el catálogo por año escolar,Encontrar los materiales del nivel del pupilo,Alta,Sprint 04,"CA1: Dado el catálogo cargado, cuando se carga el filtro de año escolar, entonces lista solo los niveles que tienen productos. CA2: Dado un nivel seleccionado, cuando se aplica el filtro, entonces el listado muestra los productos asociados a ese nivel. CA3: Dado un producto sin nivel asignado, cuando se aplica un filtro de nivel cualquiera, entonces el producto sigue apareciendo e indica que es válido para todos los niveles. CA4: Dado el filtro de año escolar, cuando el usuario selecciona más de un nivel, entonces el listado muestra los productos de todos los niveles seleccionados. CA5: Dado un filtro de nivel aplicado, cuando el usuario lo quita, entonces se muestra el catálogo sin esa restricción. CA6: Dado un visitante sin sesión, cuando intenta acceder al catálogo, entonces el sistema lo redirige al login.",Pendiente,Pendiente,Pamela Acuña,pages/apoderado/productos.html y pages/apoderado/reservar-materiales.html. Sprint 4.
HU58,EP09,Filtrar por materia,Apoderado,Filtrar el catálogo por materia o asignatura,Encontrar los textos de una asignatura específica,Alta,Sprint 04,"CA1: Dado el catálogo cargado, cuando se carga el filtro de materia, entonces lista solo las materias con productos. CA2: Dado una materia seleccionada, cuando se aplica el filtro, entonces el listado muestra los productos asociados a ella. CA3: Dado un producto sin materia asignada, cuando se agrupan los resultados, entonces queda bajo una categoría general identificada como tal. CA4: Dado el filtro de materia, cuando el usuario selecciona más de una, entonces el listado muestra los productos de todas las materias seleccionadas. CA5: Dado un visitante sin sesión, cuando intenta acceder al catálogo, entonces el sistema lo redirige al login.",Pendiente,Pendiente,Pamela Acuña,pages/apoderado/productos.html y pages/apoderado/reservar-materiales.html. Sprint 4.
HU59,EP09,Filtrar por disponibilidad,Apoderado,Ver solo los productos con stock disponible,No perder tiempo revisando artículos agotados,Media,Sprint 04,"CA1: Dado el catálogo cargado, cuando el usuario abre los filtros, entonces existe una opción para mostrar solo productos disponibles. CA2: Dado un producto, cuando el sistema calcula su disponibilidad, entonces resta del stock físico las unidades ya reservadas por otros alumnos. CA3: Dado el filtro de disponibilidad activado, cuando se aplica, entonces los productos sin unidades disponibles no aparecen en el listado. CA4: Dado el filtro desactivado, cuando se carga el listado, entonces los agotados se muestran identificados como tales y sin acción de reserva. CA5: Dado un visitante sin sesión, cuando intenta acceder al catálogo, entonces el sistema lo redirige al login.",Pendiente,Pendiente,Pamela Acuña,pages/apoderado/productos.html y pages/apoderado/reservar-materiales.html. Sprint 4.
HU60,EP09,Combinar varios filtros,Apoderado,Aplicar varios filtros al mismo tiempo junto con la búsqueda,Acotar la búsqueda hasta encontrar lo que necesito,Alta,Sprint 04,"CA1: Dado varios filtros seleccionados, cuando se aplican, entonces el listado muestra únicamente los productos que cumplen todas las condiciones a la vez. CA2: Dado una búsqueda por texto activa, cuando el usuario aplica además un filtro, entonces ambos se combinan. CA3: Dado uno o más filtros aplicados, cuando se carga el listado, entonces cada filtro activo se muestra como una etiqueta visible. CA4: Dado un resultado filtrado, cuando se muestra, entonces se indica la cantidad de productos encontrados. CA5: Dado un visitante sin sesión, cuando intenta acceder al catálogo, entonces el sistema lo redirige al login.",Pendiente,Pendiente,Pamela Acuña,pages/apoderado/productos.html y pages/apoderado/reservar-materiales.html. Sprint 4.
HU61,EP09,Limpiar los filtros aplicados,Apoderado,Quitar los filtros aplicados al catálogo,Volver al catálogo completo sin rehacer la navegación,Alta,Sprint 04,"CA1: Dado una etiqueta de filtro activo, cuando el usuario la cierra, entonces ese filtro se quita y el listado se actualiza conservando los demás. CA2: Dado uno o más filtros aplicados, cuando el usuario selecciona limpiar todos, entonces se quitan todos los filtros y la búsqueda, y se muestra el catálogo completo. CA3: Dado un catálogo recargado, cuando el nuevo catálogo no contiene los valores de un filtro activo, entonces ese filtro se descarta y el sistema informa al usuario. CA4: Dado un visitante sin sesión, cuando intenta acceder al catálogo, entonces el sistema lo redirige al login.",Pendiente,Pendiente,Pamela Acuña,pages/apoderado/productos.html y pages/apoderado/reservar-materiales.html. Sprint 4.
HU62,EP09,Ordenar por precio ascendente,Apoderado,Ordenar el listado de productos por precio ascendente,Revisar primero los productos más económicos,Media,Sprint 04,"CA1: Dado el listado de productos, cuando el usuario abre el selector de orden, entonces dispone de la opción precio ascendente. CA2: Dado la opción precio ascendente seleccionada, cuando se aplica, entonces el listado se reordena mostrando primero los productos de menor precio. CA3: Dado un criterio de orden aplicado, cuando el usuario aplica o quita un filtro, entonces el orden elegido se mantiene. CA4: Dado un visitante sin sesión, cuando intenta acceder al catálogo, entonces el sistema lo redirige al login.",Pendiente,Pendiente,Pamela Acuña,pages/apoderado/productos.html y pages/apoderado/reservar-materiales.html. Sprint 4.
HU63,EP09,Ordenar por precio descendente,Apoderado,Ordenar el listado de productos por precio descendente,Revisar primero los productos más costosos,Media,Sprint 04,"CA1: Dado el listado de productos, cuando el usuario abre el selector de orden, entonces dispone de la opción precio descendente. CA2: Dado la opción precio descendente seleccionada, cuando se aplica, entonces el listado se reordena mostrando primero los productos de mayor precio. CA3: Dado un criterio de orden aplicado, cuando el usuario aplica o quita un filtro, entonces el orden elegido se mantiene. CA4: Dado un visitante sin sesión, cuando intenta acceder al catálogo, entonces el sistema lo redirige al login.",Pendiente,Pendiente,Pamela Acuña,pages/apoderado/productos.html y pages/apoderado/reservar-materiales.html. Sprint 4.
HU64,EP09,Ordenar por nombre ascendente,Apoderado,Ordenar el listado de productos por nombre de la A a la Z,Ubicar los productos alfabéticamente,Media,Sprint 04,"CA1: Dado el listado de productos, cuando el usuario abre el selector de orden, entonces dispone de la opción nombre A-Z. CA2: Dado la opción nombre A-Z seleccionada, cuando se aplica, entonces el listado se reordena alfabéticamente de la A a la Z. CA3: Dado un catálogo recién cargado sin criterio elegido, cuando se muestra, entonces los productos aparecen ordenados por nombre A-Z por defecto. CA4: Dado un visitante sin sesión, cuando intenta acceder al catálogo, entonces el sistema lo redirige al login.",Pendiente,Pendiente,Pamela Acuña,pages/apoderado/productos.html y pages/apoderado/reservar-materiales.html. Sprint 4.
HU65,EP09,Ordenar por nombre descendente,Apoderado,Ordenar el listado de productos por nombre de la Z a la A,Ubicar los productos alfabéticamente en orden inverso,Media,Sprint 04,"CA1: Dado el listado de productos, cuando el usuario abre el selector de orden, entonces dispone de la opción nombre Z-A. CA2: Dado la opción nombre Z-A seleccionada, cuando se aplica, entonces el listado se reordena alfabéticamente de la Z a la A. CA3: Dado un criterio de orden aplicado, cuando el usuario aplica o quita un filtro, entonces el orden elegido se mantiene. CA4: Dado un visitante sin sesión, cuando intenta acceder al catálogo, entonces el sistema lo redirige al login.",Pendiente,Pendiente,Pamela Acuña,pages/apoderado/productos.html y pages/apoderado/reservar-materiales.html. Sprint 4.
HU66,EP09,Conservar los filtros al navegar,Apoderado,Conservar filtros y búsqueda al entrar al detalle y volver,No repetir la búsqueda cada vez que reviso un producto,Media,Sprint 04,"CA1: Dado filtros y búsqueda activos, cuando se aplican, entonces se guardan en LocalStorage. CA2: Dado un usuario que entra al detalle de un producto, cuando vuelve al listado, entonces conserva los filtros, el orden y la posición previos. CA3: Dado filtros guardados, cuando el usuario selecciona ver el catálogo completo, entonces los filtros se descartan. CA4: Dado un visitante sin sesión, cuando intenta acceder al catálogo, entonces el sistema lo redirige al login.",Pendiente,Pendiente,Pamela Acuña,pages/apoderado/productos.html y pages/apoderado/reservar-materiales.html. Sprint 4.
HU67,EP09,Visualizar el mensaje de búsqueda sin resultados,Apoderado,Entender por qué una búsqueda no devuelve productos,Saber qué filtro ajustar para encontrar lo que busco,Media,Sprint 04,"CA1: Dado una búsqueda o filtro sin coincidencias, cuando se carga el listado, entonces el sistema muestra un mensaje indicando el término buscado y los filtros activos. CA2: Dado un resultado vacío, cuando se muestra el mensaje, entonces se ofrece quitar el filtro más restrictivo o limpiar todos. CA3: Dado un producto que no existe en el catálogo, cuando se busca, entonces el mensaje lo distingue del caso de un producto que existe pero está agotado. CA4: Dado un resultado vacío, cuando se carga la vista, entonces no se muestra una tabla vacía sin explicación. CA5: Dado un visitante sin sesión, cuando intenta acceder al catálogo, entonces el sistema lo redirige al login.",Pendiente,Pendiente,Pamela Acuña,pages/apoderado/productos.html y pages/apoderado/reservar-materiales.html. Sprint 4.
HU82,EP07,Migrar la tienda a proyecto React con estructura tipada,Equipo de desarrollo,Transformar el sitio HTML en una SPA React con TypeScript,Contar con la base del proyecto E2,Alta,Sprint 05,"CA1: Dado el proyecto HTML de E1, cuando se inicia E2, entonces existe un proyecto React con las carpetas pages, components, models y services. CA2: Dado el proyecto React, cuando se revisa, entonces existe al menos un modelo TypeScript por entidad del dominio. CA3: Dado la estructura creada, cuando se revisa, entonces la primera vista está migrada y ejecuta sin errores en el navegador.",Pendiente,Pendiente,Equipo E2,Entregable del Sprint 5 según planificación del profesor.
HU83,EP07,Construir componentes reutilizables tipados,Equipo de desarrollo,Extraer componentes reutilizables con props tipadas,Evitar duplicación de código en la SPA,Alta,Sprint 06,"CA1: Dado el proyecto React, cuando se revisa la carpeta components, entonces existen al menos ProductCard, ProductList y Navbar como componentes independientes. CA2: Dado cada componente, cuando se revisa su código, entonces sus props están tipadas con interfaces de TypeScript. CA3: Dado la vista de catálogo, cuando se carga, entonces usa ProductList y ProductCard en lugar de HTML duplicado. CA4: Dado cada componente, cuando se revisa, entonces es responsive con Bootstrap integrado.",Pendiente,Pendiente,Equipo E2,Entregable del Sprint 6.
HU19,EP03,Agregar un producto al carrito,Apoderado,Agregar un producto al carrito,Reunir los artículos que deseo adquirir,Alta,Sprint 07,"CA1: Dado un producto disponible, cuando el apoderado selecciona agregar al carrito, entonces el producto se incorpora con cantidad inicial uno. CA2: Dado un producto ya presente en el carrito, cuando el apoderado lo agrega nuevamente, entonces el sistema incrementa su cantidad en lugar de crear una segunda línea. CA3: Dado un producto agregado, cuando se actualiza el carrito, entonces este muestra su nombre, precio y cantidad. CA4: Dado un producto agregado, cuando se actualiza el carrito, entonces el contador visible refleja la cantidad total de artículos.",Pendiente,Pendiente,Pamela Acuña,"Migra a E2 (Sprint 7, carrito TypeScript).
"
HU20,EP03,Modificar la cantidad de un producto del carrito,Apoderado,Modificar la cantidad de un producto del carrito,Ajustar la compra a lo que realmente necesito,Alta,Sprint 07,"CA1: Dado un producto existente en el carrito, cuando el apoderado aumenta o disminuye su cantidad a un valor válido, entonces el subtotal de la línea se recalcula. CA2: Dado un cambio de cantidad válido, cuando se aplica, entonces el total del carrito se recalcula automáticamente. CA3: Dado un producto en el carrito, cuando el apoderado intenta fijar una cantidad menor a uno o no numérica, entonces el sistema rechaza el cambio y mantiene el valor anterior.",Pendiente,Pendiente,Pamela Acuña,"Migra a E2 (Sprint 7, carrito TypeScript).
"
HU21,EP03,Eliminar un producto del carrito,Apoderado,Eliminar un producto del carrito,Retirar artículos que ya no deseo adquirir,Alta,Sprint 07,"CA1: Dado un producto existente en el carrito, cuando el apoderado selecciona eliminar, entonces el producto deja de aparecer en el listado. CA2: Dado un producto eliminado, cuando se actualiza el carrito, entonces el total y el contador se recalculan. CA3: Dado que se elimina el último producto, cuando el carrito queda sin líneas, entonces el sistema informa explícitamente que está vacío y ofrece volver al catálogo.",Pendiente,Pendiente,Pamela Acuña,"Migra a E2 (Sprint 7, carrito TypeScript).
"
HU22,EP03,Conservar el carrito mediante LocalStorage,Apoderado,Conservar el contenido del carrito entre páginas y recargas,No perder mi selección durante la navegación,Alta,Sprint 07,"CA1: Dado un producto agregado o modificado, cuando se confirma la acción, entonces el contenido del carrito se guarda en LocalStorage. CA2: Dado un carrito con productos, cuando el apoderado recarga la página, entonces el carrito se recupera con el mismo contenido. CA3: Dado un carrito con productos, cuando el apoderado navega entre catálogo y detalle, entonces el contenido se mantiene. CA4: Dado un producto eliminado del carrito, cuando se confirma la eliminación, entonces LocalStorage se actualiza y el producto no reaparece al recargar.",Pendiente,Pendiente,Pamela Acuña,"Migra a E2 (Sprint 7, carrito TypeScript).
"
HU70,EP10,Consultar el saldo de un pupilo,Apoderado,Consultar el saldo disponible de un pupilo,Conocer los fondos disponibles para materiales escolares,Alta,Sprint 08,"CA1: Dado un apoderado autenticado con pupilos asociados, cuando consulta la información de uno, entonces el sistema muestra su saldo disponible. CA2: Dado un apoderado, cuando consulta saldos, entonces solo visualiza los de pupilos vinculados a él. CA3: Dado un pupilo con aportes pendientes de confirmación por la pasarela, cuando se muestra su saldo, entonces esos aportes no están incluidos y se informan por separado. CA4: Dado un apoderado autenticado, cuando se envía una petición a un endpoint con el ID de un pupilo no vinculado, entonces el servidor responde con HTTP 403.",Pendiente,Pendiente,Florencia Soto,Detalle dentro de pages/apoderado/mis-hijos.html. Migra a E2 (Sprint 8).
HU71,EP10,Consultar los movimientos de un pupilo,Apoderado,Consultar el detalle de movimientos de un pupilo,Tener transparencia sobre los aportes realizados y los materiales retirados,Alta,Sprint 08,"CA1: Dado un apoderado autenticado con un pupilo asociado, cuando consulta sus movimientos, entonces visualiza fecha, tipo, detalle y monto de cada uno. CA2: Dado un listado de movimientos, cuando se carga, entonces aparecen ordenados cronológicamente y muestran el saldo resultante de cada operación. CA3: Dado un apoderado, cuando consulta movimientos, entonces solo visualiza los de pupilos vinculados a él. CA4: Dado un pupilo sin movimientos, cuando se consulta su cartola, entonces el sistema informa el estado vacío.",Pendiente,Pendiente,Florencia Soto,pages/apoderado/movimientos.html. Migra a E2 (Sprint 8).
HU72,EP10,Visualizar mis pupilos vinculados,Apoderado,Visualizar la lista de mis pupilos vinculados,Elegir a quién asignar aportes o consultar saldo,Alta,Sprint 08,"CA1: Dado un apoderado autenticado, cuando accede a la vista de mis pupilos, entonces visualiza una tarjeta por cada pupilo vinculado con nombre completo, curso y RUT enmascarado. CA2: Dado el listado de pupilos, cuando se carga, entonces solo aparecen los pupilos cuyo apoderado_rut coincide con el del apoderado autenticado. CA3: Dado un pupilo del listado, cuando el apoderado lo selecciona, entonces puede acceder a su saldo y sus movimientos. CA4: Dado un apoderado sin pupilos vinculados, cuando accede a la vista, entonces el sistema informa el estado vacío y sugiere contactar al centro.",Pendiente,Pendiente,Florencia Soto,pages/apoderado/mis-hijos.html. Migra a E2 (Sprint 8).
HU75,EP10,Acceder al home de apoderado,Apoderado,Acceder al home del área de apoderado,Ver un resumen de mis pupilos y saldos desde un lugar central,Alta,Sprint 08,"CA1: Dado un apoderado autenticado, cuando ingresa al área de apoderado, entonces visualiza la vista Home con un menú visible de forma permanente. CA2: Dado la vista Home de apoderado, cuando se carga, entonces muestra un resumen con el saldo consolidado de sus pupilos vinculados. CA3: Dado la vista Home de apoderado, cuando se carga, entonces el menú permite navegar a mis-hijos, aportar-saldo, mis-aportes, movimientos, mis-reservas y reservar-materiales. CA4: Dado un apoderado sin pupilos vinculados, cuando ingresa al home, entonces el sistema informa el estado vacío y sugiere contactar al centro.",Pendiente,Pendiente,Florencia Soto,pages/apoderado/inicio.html. Migra a E2 (Sprint 8).
HU84,EP07,Verificar los comportamientos críticos del frontend,Equipo de desarrollo,Escribir el primer conjunto de pruebas derivadas de HUs y criterios de aceptación,"Asegurar que carrito formularios y componentes funcionan como se especificó
",Alta,Sprint 09,"CA1: Dado el proyecto React, cuando se revisa la carpeta de tests, entonces existen pruebas para carrito, formularios y componentes. CA2: Dado cada test, cuando se revisa, entonces está trazado a una HU y su criterio de aceptación. CA3: Dado el conjunto de tests, cuando se ejecutan, entonces cubren casos positivos y negativos. CA4: Dado un test que falla, cuando se revisa el log, entonces el error indica qué criterio no se cumple.",Pendiente,Pendiente,Equipo E2,Entregable del Sprint 9. Vitest + React Testing Library.
HU85,EP07,Consolidar el proceso de testing,Equipo de desarrollo,Alcanzar 10 pruebas significativas con mocks y coverage,Asegurar la calidad del frontend antes de integrar el backend,Alta,Sprint 10,"CA1: Dado el proyecto React, cuando se ejecuta la suite, entonces existen al menos 10 pruebas significativas. CA2: Dado una prueba que requiere datos, cuando se ejecuta, entonces usa mocks en lugar de llamadas reales. CA3: Dado el proyecto, cuando se genera el coverage, entonces el reporte es visible y está analizado en un documento. CA4: Dado el documento de cobertura, cuando se revisa, entonces explica el alcance de las pruebas y sus resultados.",Pendiente,Pendiente,Equipo E2,Entregable del Sprint 10. Vitest + RTL + mocks + coverage.
HU68,EP10,Registrar un aporte para un pupilo mediante Webpay,Apoderado,Seleccionar un pupilo y pagar su saldo mediante transferencia bancaria electrónica,Acreditar el monto al pupilo correcto sin subir comprobantes manualmente,Alta,Sprint 11,"CA1: Dado un apoderado autenticado con pupilos vinculados, cuando accede al formulario de aporte, entonces el sistema muestra un selector visual con tarjetas de cada pupilo, indicando nombre completo y RUT enmascarado. CA2: Dado el selector visual, cuando el apoderado selecciona un pupilo, entonces el sistema registra internamente el RUT completo del pupilo como clave de asociación y lo muestra enmascarado en pantalla. CA3: Dado un pupilo seleccionado y un monto entero mayor que cero, cuando el apoderado confirma el aporte, entonces el sistema crea una transacción interna en estado PENDIENTE con un buy_order único, llama al API de Transbank para crear la transacción con ese buy_order y redirige al apoderado a la URL de Webpay. CA4: Dado que el apoderado completa el pago en Webpay y es redirigido de vuelta con un token_ws, cuando el backend recibe la petición, entonces llama a Transaction.commit(token) para confirmar la transacción. CA5: Dado que Transbank confirma la transacción con response_code igual a cero, cuando el backend recibe la respuesta, entonces verifica que el amount coincida con el monto registrado, marca la transacción interna como PROCESADA en una operación idempotente usando buy_order como clave única y acredita el saldo al pupilo asociado en una única transacción ACID. CA6: Dado que Transbank rechaza la transacción con response_code distinto de cero, cuando el backend recibe la respuesta, entonces la transacción interna queda en estado RECHAZADO y el saldo del pupilo no se modifica. CA7: Dado que el apoderado cierra el navegador antes de ser redirigido de vuelta, cuando transcurre el tiempo de expiración, entonces el job de conciliación de HU74 consulta el estado real con Transaction.status(token). CA8: Dado que el sistema recibe una confirmación duplicada con el mismo buy_order ya procesado, cuando intenta acreditar el saldo nuevamente, entonces la operación idempotente detecta el buy_order existente y responde sin modificar el saldo. CA9: Dado un retorno recibido con token inválido, cuando el backend intenta el commit, entonces Transbank rechaza la operación y el sistema registra el intento en un log de seguridad.",Pendiente,Pendiente,Florencia Soto,pages/apoderado/aportar-saldo.html. Integración Webpay Transacción Completa API 1.2. Migra a E3 (Sprint 11).
HU69,EP10,Consultar el estado de mis aportes,Apoderado,Consultar el estado de las transferencias que registré,Saber si mi aporte ya fue acreditado al pupilo,Media,Sprint 11,"CA1: Dado un apoderado con aportes registrados, cuando accede a la vista de aportes, entonces los visualiza agrupados por pupilo. CA2: Dado un aporte del listado, cuando se muestra, entonces indica monto, fecha, buy_order y estado Pendiente, Pagado, Rechazado o Expirado. CA3: Dado un aporte rechazado, cuando el apoderado lo consulta, entonces visualiza el código de respuesta de la pasarela. CA4: Dado un apoderado sin aportes registrados, cuando accede a la vista, entonces el sistema informa el estado vacío y ofrece registrar uno.",Pendiente,Pendiente,Florencia Soto,pages/apoderado/mis-aportes.html. Migra a E3 (Sprint 11).
HU74,EP10,Conciliar transacciones pendientes con Transbank,Administrador,Que el sistema concilie automáticamente las transacciones pendientes con Transbank,Acreditar aportes que quedaron huérfanos por cierre del navegador,Media,Sprint 11,"CA1: Dado un job programado, cuando se ejecuta cada 5 minutos, entonces consulta las transacciones internas en estado PENDIENTE con más de 10 minutos de antigüedad. CA2: Dado una transacción pendiente, cuando el job la procesa, entonces llama a Transaction.status(token) para verificar su estado real en Transbank. CA3: Dado que Transbank reporta la transacción como aprobada, cuando el job recibe la respuesta, entonces verifica el amount, marca la transacción como PROCESADA y acredita el saldo al pupilo en una operación transaccional idempotente. CA4: Dado que Transbank reporta la transacción como rechazada o expirada, cuando el job recibe la respuesta, entonces actualiza el estado interno sin modificar el saldo. CA5: Dado un job que se ejecuta concurrentemente en más de una instancia, cuando procesa la misma transacción, entonces la restricción única sobre buy_order impide la doble acreditación.",Pendiente,Pendiente,Florencia Soto,Job backend. Requiere @Scheduled en Spring Boot. Migra a E3 (Sprint 11).
HU73,EP10,Restringir el acceso a datos de pupilos ajenos,Apoderado,Que el sistema solo me permita consultar datos de mis pupilos vinculados,Cumplir con la protección de datos personales,Alta,Sprint 12,"CA1: Dado un apoderado autenticado, cuando accede al selector de pupilos, entonces solo visualiza los pupilos cuyo apoderado_rut coincide con el suyo. CA2: Dado un apoderado autenticado, cuando envía una petición a /api/pupilos/{id}/saldo con el ID de un pupilo no vinculado, entonces el servidor responde con HTTP 403. CA3: Dado un apoderado autenticado, cuando envía una petición a /api/pupilos/{id}/movimientos con el ID de un pupilo no vinculado, entonces el servidor responde con HTTP 403. CA4: Dado un listado de pupilos o movimientos, cuando se muestran en pantalla, entonces los RUT aparecen enmascarados con formato parcial. CA5: Dado un intento de acceso no autorizado, cuando el servidor lo rechaza, entonces registra el evento en un log de seguridad con RUT del solicitante, endpoint y timestamp.",Pendiente,Pendiente,Florencia Soto,"Transversal a todas las vistas del apoderado. Ley 21.719. Migra a E3 (Sprint 12, Spring Security)."